<?xml version="1.0"?>
<doc>
  <assembly>
    <name>dotNetFreak.WebControls.FormShield</name>
    <version>1.1.2.31198</version>
    <fullname>dotNetFreak.WebControls.FormShield, Version=1.1.2.31198, Culture=neutral, PublicKeyToken=e88fc571c8fa4b76</fullname>
  </assembly>
  <members>
    <member name="T:dotNetFreak.WebControls.Design.FormShieldDesigner">
      <summary>
     Provides a designer class for extending the design mode behavior of 
     FormShield. 
 </summary>
    </member>
    <member name="P:dotNetFreak.WebControls.Design.FormShieldDesigner.Verbs">
      <summary>
     Overridden. See <see cref="P:dotNetFreak.WebControls.Design.FormShieldDesigner.Verbs">ControlDesigner.Verbs</see>. 
 </summary>
    </member>
    <member name="M:dotNetFreak.WebControls.Design.FormShieldDesigner.GetDesignTimeHtml">
      <summary>
     Overridden. See <see cref="M:dotNetFreak.WebControls.Design.FormShieldDesigner.GetDesignTimeHtml">ControlDesigner.GetDesignTimeHtml</see>. 
 </summary>
    </member>
    <member name="M:dotNetFreak.WebControls.Design.FormShieldDesigner.GetEmptyDesignTimeHtml">
      <summary>
     Overridden. See <see cref="M:dotNetFreak.WebControls.Design.FormShieldDesigner.GetEmptyDesignTimeHtml">ControlDesigner.GetEmptyDesignTimeHtml</see>. 
 </summary>
    </member>
    <member name="M:dotNetFreak.WebControls.Design.FormShieldDesigner.GetErrorDesignTimeHtml(System.Exception)">
      <summary>
     Overridden. See <see cref="M:System.Web.UI.Design.ControlDesigner.GetErrorDesignTimeHtml">ControlDesigner.GetErrorDesignTimeHtml</see>. 
 </summary>
    </member>
    <member name="M:dotNetFreak.WebControls.Design.FormShieldDesigner.OnAboutFormShieldClicked(System.Object,System.EventArgs)">
      <summary>
     Called when the 'About FormShield' button is clicked and displays a 
     dialog box containing version information and copyright details. 
 </summary>
    </member>
    <member name="M:dotNetFreak.WebControls.Design.FormShieldDesigner.#ctor">
      <summary>
     Initializes a new instance of the FormShieldDesigner class. 
 </summary>
    </member>
    <member name="T:dotNetFreak.WebControls.Design.StringArrayConverter">
      <summary>
     Provides a type converter to convert string arrays to and from strings. 
 </summary>
    </member>
    <member name="M:dotNetFreak.WebControls.Design.StringArrayConverter.CanConvertFrom(System.ComponentModel.ITypeDescriptorContext,System.Type)">
      <summary>
     Overridden. See <see cref="M:System.ComponentModel.ExpandableObjectConverter.CanConvertFrom">ExpandableObjectConverter.CanConvertFrom</see>. 
 </summary>
    </member>
    <member name="M:dotNetFreak.WebControls.Design.StringArrayConverter.CanConvertTo(System.ComponentModel.ITypeDescriptorContext,System.Type)">
      <summary>
     Overridden. See <see cref="M:System.ComponentModel.ExpandableObjectConverter.CanConvertTo">ExpandableObjectConverter.CanConvertTo</see>. 
 </summary>
    </member>
    <member name="M:dotNetFreak.WebControls.Design.StringArrayConverter.ConvertFrom(System.ComponentModel.ITypeDescriptorContext,System.Globalization.CultureInfo,System.Object)">
      <summary>
     Overridden. See <see cref="M:System.ComponentModel.ExpandableObjectConverter.ConvertFrom">ExpandableObjectConverter.ConvertFrom</see>. 
 </summary>
    </member>
    <member name="M:dotNetFreak.WebControls.Design.StringArrayConverter.ConvertTo(System.ComponentModel.ITypeDescriptorContext,System.Globalization.CultureInfo,System.Object,System.Type)">
      <summary>
     Overridden. See <see cref="M:System.ComponentModel.ExpandableObjectConverter.ConvertTo">ExpandableObjectConverter.ConvertTo</see>. 
 </summary>
    </member>
    <member name="M:dotNetFreak.WebControls.Design.StringArrayConverter.GetStandardValuesSupported(System.ComponentModel.ITypeDescriptorContext)">
      <summary>
     Overridden. See <see cref="M:System.ComponentModel.ExpandableObjectConverter.GetStandardValuesSupported">ExpandableObjectConverter.GetStandardValuesSupported</see>. 
 </summary>
    </member>
    <member name="M:dotNetFreak.WebControls.Design.StringArrayConverter.#ctor">
      <summary>
     Initializes a new instance of the StringArrayConverter class. 
 </summary>
    </member>
    <member name="T:dotNetFreak.WebControls.FormShield">
      <summary>
     A control that dynamically generates CAPTCHA™ style images to prevent 
     automated form submission. 
 </summary>
    </member>
    <member name="F:dotNetFreak.WebControls.FormShield.AllAlphaCharacters">
      <summary>
     All alpha characters on a standard western keyboard. 
 </summary>
    </member>
    <member name="F:dotNetFreak.WebControls.FormShield.AllNumericCharacters">
      <summary>
     All numeric characters on a standard western keyboard. 
 </summary>
    </member>
    <member name="F:dotNetFreak.WebControls.FormShield.AllSymbolCharacters">
      <summary>
     All symbol characters on a standard western keyboard. 
 </summary>
    </member>
    <member name="F:dotNetFreak.WebControls.FormShield.DefaultFonts">
      <summary>
     The default fonts to use for drawing the text. 
 </summary>
    </member>
    <member name="F:dotNetFreak.WebControls.FormShield.DefaultAlphaCharacters">
      <summary>
     The default alpha characters to use for generating the text. 
 </summary>
    </member>
    <member name="F:dotNetFreak.WebControls.FormShield.DefaultNumericCharacters">
      <summary>
     The default numeric characters to use for generating the text. 
 </summary>
    </member>
    <member name="F:dotNetFreak.WebControls.FormShield.DefaultSymbolCharacters">
      <summary>
     The default symbol characters to use for generating the text. 
 </summary>
    </member>
    <member name="P:dotNetFreak.WebControls.FormShield.Font">
      <summary>
     Overridden. See <see cref="P:dotNetFreak.WebControls.FormShield.Font">WebControl.Font</see>. 
 </summary>
    </member>
    <member name="P:dotNetFreak.WebControls.FormShield.PersistenceMethod">
      <summary>
     Gets or sets the persistence method to use to persist property values. 
 </summary>
 <value>
     A <see cref="P:dotNetFreak.WebControls.FormShield.PersistenceMethod">PersistenceMethod</see>
     enumeration specifying the persistence method to use. 
 </value>
 <remarks>
     Default Value: PersistenceMethod.ViewState 
 </remarks></member>
    <member name="P:dotNetFreak.WebControls.FormShield.EncryptQueryString">
      <summary>
     Gets or sets whether or not the querystring should be encrypted. 
 </summary>
 <value>A boolean indicating whether the querystring should be encrypted.</value>
 <remarks>
     Default Value: True 
 </remarks></member>
    <member name="P:dotNetFreak.WebControls.FormShield.Preset">
      <summary>
     Applies a preset style. 
 </summary>
 <value>
     A <see cref="P:dotNetFreak.WebControls.FormShield.Preset">PresetStyle</see>
     enumeration specifying the preset style. 
 </value>
 <remarks>
     Default Value: PresetStyle.NotSet 
 </remarks></member>
    <member name="P:dotNetFreak.WebControls.FormShield.RenderInDesignMode">
      <summary>
     Gets or sets whether or not to render the image whilst in design mode. 
 </summary>
 <value>
     A boolean indicating whether to render the image whilst in design mode. 
 </value>
 <remarks>
     Default Value: True 
 </remarks></member>
    <member name="P:dotNetFreak.WebControls.FormShield.ImageFormat">
      <summary>
     Gets or sets the image format to use for the image. 
 </summary>
 <value>
     An <see cref="P:dotNetFreak.WebControls.FormShield.ImageFormat">ImageFormat</see>
     enumeration specifying the image format. 
 </value>
 <remarks>
     Default Value: ImageFormat.Png 
 </remarks></member>
    <member name="P:dotNetFreak.WebControls.FormShield.PixelFormat">
      <summary>
     Gets or sets the pixel format to use for the image. 
 </summary>
 <value>
     A <see cref="P:dotNetFreak.WebControls.FormShield.PixelFormat">PixelFormat</see>
     enumeration specifying the pixel format. 
 </value>
 <remarks>
     Default Value: PixelFormat.Format32bppArgb 
 </remarks></member>
    <member name="P:dotNetFreak.WebControls.FormShield.SmoothingMode">
      <summary>
     Gets or sets the smoothing mode to use when rendering the image. 
 </summary>
 <value>
     A <see cref="P:dotNetFreak.WebControls.FormShield.SmoothingMode">SmoothingMode</see>
     enumeration specifying the smoothing mode. 
 </value>
 <remarks>
     Default Value: SmoothingMode.AntiAlias 
 </remarks></member>
    <member name="P:dotNetFreak.WebControls.FormShield.AlternateText">
      <summary>
     Gets or sets the alternate text displayed. 
 </summary>
 <value>A string containing the alternate text.</value>
 <remarks>
     Default Value: Empty String ("") 
 </remarks></member>
    <member name="P:dotNetFreak.WebControls.FormShield.ImageProviderUrl">
      <summary>
     Gets or sets the URL of an image provider. 
 </summary>
 <value>A string containing the URL.</value>
 <remarks>
     Default Value: Empty String ("") 
 </remarks></member>
    <member name="P:dotNetFreak.WebControls.FormShield.Width">
      <summary>
     Gets or sets the width of the image. 
 </summary>
 <value>
     A <see cref="P:dotNetFreak.WebControls.FormShield.Width">Unit</see> measurement 
     specifying the width in pixels. 
 </value>
 <remarks>
     Default Value: 250 Pixels 
 </remarks></member>
    <member name="P:dotNetFreak.WebControls.FormShield.Height">
      <summary>
     Gets or sets the height of the image. 
 </summary>
 <value>
     A <see cref="P:dotNetFreak.WebControls.FormShield.Height">Unit</see> measurement 
     specifying the height in pixels. 
 </value>
 <remarks>
     Default Value: 50 Pixels 
 </remarks></member>
    <member name="P:dotNetFreak.WebControls.FormShield.ImageAlign">
      <summary>
     Gets or sets the alignment of the image in relation to other elements on 
     the Web page. 
 </summary>
 <value>
     An <see cref="P:dotNetFreak.WebControls.FormShield.ImageAlign">ImageAlign</see>
     enumeration specifying the alignment of the image. 
 </value>
 <remarks>
     Default Value: ImageAlign.NotSet 
 </remarks></member>
    <member name="P:dotNetFreak.WebControls.FormShield.BackFillStyle">
      <summary>
     Gets or sets the fill style to use for the background. 
 </summary>
 <value>
     A <see cref="P:dotNetFreak.WebControls.FormShield.BackFillStyle">FillStyle</see>
     enumeration specifying the fill style. 
 </value>
 <remarks>
     Default Value: FillStyle.Solid 
 </remarks></member>
    <member name="P:dotNetFreak.WebControls.FormShield.BackGradientStyle">
      <summary>
     Gets or sets the gradient style to use for the background. 
 </summary>
 <value>
     A <see cref="P:dotNetFreak.WebControls.FormShield.BackGradientStyle">GradientStyle</see>
     enumeration specifying the gradient style. 
 </value>
 <remarks>
     Default Value: GradientStyle.Vertical 
 </remarks></member>
    <member name="P:dotNetFreak.WebControls.FormShield.BackHatchStyle">
      <summary>
     Gets or sets the hatch style to use for the background. 
 </summary>
 <value>
     A <see cref="P:dotNetFreak.WebControls.FormShield.BackHatchStyle">HatchStyle</see>
     enumeration specifying the hatch style. 
 </value>
 <remarks>
     Default Value: HatchStyle.LargeGrid 
 </remarks></member>
    <member name="P:dotNetFreak.WebControls.FormShield.BackColor">
      <summary>
     Gets or sets the first color to use for the background. 
 </summary>
 <value>
     A <see cref="P:dotNetFreak.WebControls.FormShield.BackColor">Color</see> structure specifying the 
     color. 
 </value>
 <remarks>
     Default Value: Color.White 
 </remarks></member>
    <member name="P:dotNetFreak.WebControls.FormShield.BackColor2">
      <summary>
     Gets or sets the second color to use for the background. 
 </summary>
 <value>
     A <see cref="P:dotNetFreak.WebControls.FormShield.BackColor2">Color</see> structure specifying the 
     color. 
 </value>
 <remarks>
     Default Value: Color.Empty 
 </remarks></member>
    <member name="P:dotNetFreak.WebControls.FormShield.ForeFillStyle">
      <summary>
     Gets or sets the fill style to use for the foreground. 
 </summary>
 <value>
     A <see cref="P:dotNetFreak.WebControls.FormShield.ForeFillStyle">FillStyle</see>
     enumeration specifying the fill style. 
 </value>
 <remarks>
     Default Value: FillStyle.Solid 
 </remarks></member>
    <member name="P:dotNetFreak.WebControls.FormShield.ForeGradientStyle">
      <summary>
     Gets or sets the gradient style to use for the foreground. 
 </summary>
 <value>
     A <see cref="P:dotNetFreak.WebControls.FormShield.ForeGradientStyle">GradientStyle</see>
     enumeration specifying the gradient style. 
 </value>
 <remarks>
     Default Value: GradientStyle.Vertical 
 </remarks></member>
    <member name="P:dotNetFreak.WebControls.FormShield.ForeHatchStyle">
      <summary>
     Gets or sets the hatch style to use for the foreground. 
 </summary>
 <value>
     A <see cref="P:dotNetFreak.WebControls.FormShield.ForeHatchStyle">HatchStyle</see>
     enumeration specifying the hatch style. 
 </value>
 <remarks>
     Default Value: HatchStyle.LargeGrid 
 </remarks></member>
    <member name="P:dotNetFreak.WebControls.FormShield.ForeColor">
      <summary>
     Gets or sets the first color to use for the foreground. 
 </summary>
 <value>
     A <see cref="P:dotNetFreak.WebControls.FormShield.ForeColor">Color</see> structure specifying the 
     color. 
 </value>
 <remarks>
     Default Value: Color.Black 
 </remarks></member>
    <member name="P:dotNetFreak.WebControls.FormShield.ForeColor2">
      <summary>
     Gets or sets the second color to use for the foreground. 
 </summary>
 <value>
     A <see cref="P:dotNetFreak.WebControls.FormShield.ForeColor2">Color</see> structure specifying the 
     color. 
 </value>
 <remarks>
     Default Value: Color.Empty 
 </remarks></member>
    <member name="P:dotNetFreak.WebControls.FormShield.Fonts">
      <summary>
     Gets or sets an array of font names to use to draw the text. 
 </summary>
 <value>A string array containing a list of font names</value>
 <remarks>
     Default Value: DefaultFonts 
 </remarks></member>
    <member name="P:dotNetFreak.WebControls.FormShield.FontStyle">
      <summary>
     Gets or sets the font style to use when drawing the text. 
 </summary>
 <value>
     A <see cref="P:dotNetFreak.WebControls.FormShield.FontStyle">FontStyle</see>
     enumeration specifying the font style. 
 </value>
 <remarks>
     Default Value: FontStyle.Regular 
 </remarks></member>
    <member name="P:dotNetFreak.WebControls.FormShield.AlphaCharacters">
      <summary>
     Gets or sets an array of permitted alpha characters to use when 
     generating the text. 
 </summary>
 <value>A string array containing a list of characters.</value>
 <remarks>
     Default Value: DefaultAlphaCharacters 
 </remarks></member>
    <member name="P:dotNetFreak.WebControls.FormShield.NumericCharacters">
      <summary>
     Gets or sets an array of permitted numeric characters to use when 
     generating the text. 
 </summary>
 <value>A string array containing a list of characters.</value>
 <remarks>
     Default Value: DefaultNumericCharacters 
 </remarks></member>
    <member name="P:dotNetFreak.WebControls.FormShield.SymbolCharacters">
      <summary>
     Gets or sets an array of permitted symbol characters to use when 
     generating the text. 
 </summary>
 <value>A string array containing a list of characters.</value>
 <remarks>
     Default Value: DefaultSymbolCharacters 
 </remarks></member>
    <member name="P:dotNetFreak.WebControls.FormShield.TextLength">
      <summary>
     Gets or sets the length of text to generate. 
 </summary>
 <value>An integer containing the length.</value>
 <remarks>
     Default Value: 6 
 </remarks></member>
    <member name="P:dotNetFreak.WebControls.FormShield.TextStyle">
      <summary>
     Gets or sets the style of text to use when generating the text. 
 </summary>
 <value>
     A <see cref="P:dotNetFreak.WebControls.FormShield.TextStyle">TextStyle</see>
     enumeration specifying the text style. 
 </value>
 <remarks>
     Default Value: TextStyle.AlphaNumeric 
 </remarks></member>
    <member name="P:dotNetFreak.WebControls.FormShield.TextCase">
      <summary>
     Gets or sets the case to use when generating the text. 
 </summary>
 <value>
     A <see cref="P:dotNetFreak.WebControls.FormShield.TextCase">TextCase</see>
     enumeration specifying the text case. 
 </value>
 <remarks>
     Default Value: TextCase.Upper 
 </remarks></member>
    <member name="P:dotNetFreak.WebControls.FormShield.TextEffect">
      <summary>
     Gets or sets the effect to apply when drawing the text. 
 </summary>
 <value>
     A <see cref="P:dotNetFreak.WebControls.FormShield.TextEffect">TextEffect</see>
     enumeration specifying the text effect to apply. 
 </value>
 <remarks>
     Default Value: TextEffect.None 
 </remarks></member>
    <member name="P:dotNetFreak.WebControls.FormShield.Text">
      <summary>
     Gets or sets the text to draw. 
 </summary>
 <value>A string containing the text.</value>
 <remarks>
     Default Value: Empty String ("") 
 </remarks></member>
    <member name="P:dotNetFreak.WebControls.FormShield.NoiseFillStyle">
      <summary>
     Gets or sets the fill style to use for the noise. 
 </summary>
 <value>
     A <see cref="P:dotNetFreak.WebControls.FormShield.NoiseFillStyle">FillStyle</see>
     enumeration specifying the fill style. 
 </value>
 <remarks>
     Default Value: FillStyle.GradientHatch 
 </remarks></member>
    <member name="P:dotNetFreak.WebControls.FormShield.NoiseGradientStyle">
      <summary>
     Gets or sets the gradient style to use for the noise. 
 </summary>
 <value>
     A <see cref="P:dotNetFreak.WebControls.FormShield.NoiseGradientStyle">GradientStyle</see>
     enumeration specifying the gradient style. 
 </value>
 <remarks>
     Default Value: GradientStyle.Vertical 
 </remarks></member>
    <member name="P:dotNetFreak.WebControls.FormShield.NoiseHatchStyle">
      <summary>
     Gets or sets the hatch style to use for the noise. 
 </summary>
 <value>
     A <see cref="P:dotNetFreak.WebControls.FormShield.NoiseHatchStyle">HatchStyle</see>
     enumeration specifying the hatch style. 
 </value>
 <remarks>
     Default Value: HatchStyle.LargeGrid 
 </remarks></member>
    <member name="P:dotNetFreak.WebControls.FormShield.NoiseColor">
      <summary>
     Gets or sets the first color to use for the noise. 
 </summary>
 <value>
     A <see cref="P:dotNetFreak.WebControls.FormShield.NoiseColor">Color</see> structure specifying the 
     color. 
 </value>
 <remarks>
     Default Value: Color.Green 
 </remarks></member>
    <member name="P:dotNetFreak.WebControls.FormShield.NoiseColor2">
      <summary>
     Gets or sets the second color to use for the noise. 
 </summary>
 <value>
     A <see cref="P:dotNetFreak.WebControls.FormShield.NoiseColor2">Color</see> structure specifying the 
     color. 
 </value>
 <remarks>
     Default Value: Color.SteelBlue 
 </remarks></member>
    <member name="P:dotNetFreak.WebControls.FormShield.NoiseLevel">
      <summary>
     Gets or sets the level of noise generated. 
 </summary>
 <value>An integer containing the level of noise.</value>
 <remarks>
     Default Value: 50 
 </remarks></member>
    <member name="P:dotNetFreak.WebControls.FormShield.ImageBorderStyle">
      <summary>
     Gets or sets the border style of the image. 
 </summary>
 <value>
     A <see cref="P:dotNetFreak.WebControls.FormShield.ImageBorderStyle">BorderStyle</see>
     enumeration specifying the border style. 
 </value>
 <remarks>
     Default Value: BorderStyle.Solid 
 </remarks></member>
    <member name="P:dotNetFreak.WebControls.FormShield.ImageBorderWidth">
      <summary>
     Gets or sets the width of the image border. 
 </summary>
 <value>
     A <see cref="P:dotNetFreak.WebControls.FormShield.ImageBorderWidth">Unit</see> measurement 
     specifying the width in pixels. 
 </value>
 <remarks>
     Default Value: 1 Pixel 
 </remarks></member>
    <member name="P:dotNetFreak.WebControls.FormShield.ImageBorderColor">
      <summary>
     Gets or sets the color to use for the image border. 
 </summary>
 <value>
     A <see cref="P:dotNetFreak.WebControls.FormShield.ImageBorderColor">Color</see> structure specifying the 
     color. 
 </value>
 <remarks>
     Default Value: Color.Black 
 </remarks></member>
    <member name="P:dotNetFreak.WebControls.FormShield.IsDesignMode">
      <summary>
     Gets whether or not the control is in design mode. 
 </summary>
 <value>A boolean indicating whether or not the control is in design mode.</value></member>
    <member name="P:dotNetFreak.WebControls.FormShield.IsSessionStateAvailable">
      <summary>
     Gets whether or not SessionState is enabled and read-writeable and 
     therefore available for use. 
 </summary>
 <value>
     A boolean indicating whether or not SessionState is enabled and 
     read-writeable and therefore available for use. 
 </value></member>
    <member name="M:dotNetFreak.WebControls.FormShield.AddAttributesToRender(System.Web.UI.HtmlTextWriter)">
      <summary>
     Overridden. See <see cref="M:System.Web.UI.WebControls.WebControl.AddAttributesToRender">WebControl.AddAttributesToRender</see>. 
 </summary>
    </member>
    <member name="M:dotNetFreak.WebControls.FormShield.BuildQueryString">
      <summary>
     Builds a querystring containing the properties of the FormShield object. 
 </summary>
 <returns>A string containing the properties.</returns></member>
    <member name="M:dotNetFreak.WebControls.FormShield.BuildUrl">
      <summary>
     Builds a URL to the current page or to an image provider. 
 </summary>
 <returns>A string containing the URL.</returns></member>
    <member name="M:dotNetFreak.WebControls.FormShield.ConvertBorderStyle(dotNetFreak.WebControls.BorderStyle)">
      <summary>
     Converts a dotNetFreak.WebControls.BorderStyle to a 
     System.Drawing.Drawing2D.DashStyle. 
 </summary>
 <param name="borderStyle">
     The <see cref="T:dotNetFreak.WebControls.BorderStyle">BorderStyle</see>
     to convert. 
 </param>
 <returns>
     A <see cref="T:System.Drawing.Drawing.DashStyle">DashStyle</see>. 
 </returns></member>
    <member name="M:dotNetFreak.WebControls.FormShield.ConvertFontStyle(dotNetFreak.WebControls.FontStyle)">
      <summary>
     Converts a dotNetFreak.WebControls.FontStyle to a 
     System.Drawing.FontStyle. 
 </summary>
 <param name="fontStyle">
     The <see cref="T:dotNetFreak.WebControls.FontStyle">FontStyle</see>
     to convert. 
 </param>
 <returns>
     A <see cref="T:System.Drawing.FontStyle">FontStyle</see>. 
 </returns></member>
    <member name="M:dotNetFreak.WebControls.FormShield.ConvertGradientStyle(dotNetFreak.WebControls.GradientStyle)">
      <summary>
     Converts a dotNetFreak.WebControls.GradientStyle to a 
     System.Drawing.Drawing2D.LinearGradientMode. 
 </summary>
 <param name="gradientStyle">
     The <see cref="T:dotNetFreak.WebControls.GradientStyle">GradientStyle</see>
     to convert. 
 </param>
 <returns>
     A <see cref="T:System.Drawing.Drawing2D.LinearGradientMode">LinearGradientMode</see>. 
 </returns></member>
    <member name="M:dotNetFreak.WebControls.FormShield.ConvertHatchStyle(dotNetFreak.WebControls.HatchStyle)">
      <summary>
     Converts a dotNetFreak.WebControls.HatchStyle to a 
     System.Drawing.Drawing2D.HatchStyle. 
 </summary>
 <param name="hatchStyle">
     The <see cref="T:dotNetFreak.WebControls.HatchStyle">HatchStyle</see>
     to convert. 
 </param>
 <returns>
     A <see cref="T:System.Drawing.Drawing2D.HatchStyle">HatchStyle</see>. 
 </returns></member>
    <member name="M:dotNetFreak.WebControls.FormShield.ConvertImageFormat(dotNetFreak.WebControls.ImageFormat)">
      <summary>
     Converts a dotNetFreak.WebControls.ImageFormat to a 
     System.Drawing.Imaging.ImageFormat. 
 </summary>
 <param name="imageFormat">
     The <see cref="T:dotNetFreak.WebControls.ImageFormat">ImageFormat</see> to 
     convert. 
 </param>
 <returns>
     An <see cref="T:System.Drawing.Imaging.ImageFormat">ImageFormat</see>. 
 </returns></member>
    <member name="M:dotNetFreak.WebControls.FormShield.ConvertPixelFormat(dotNetFreak.WebControls.PixelFormat)">
      <summary>
     Converts a dotNetFreak.WebControls.PixelFormat to a 
     System.Drawing.Imaging.PixelFormat. 
 </summary>
 <param name="pixelFormat">
     The <see cref="T:dotNetFreak.WebControls.PixelFormat">PixelFormat</see>
     to convert. 
 </param>
 <returns>
     A <see cref="T:System.Drawing.Imaging.PixelFormat">PixelFormat</see>. 
 </returns></member>
    <member name="M:dotNetFreak.WebControls.FormShield.ConvertSmoothingMode(dotNetFreak.WebControls.SmoothingMode)">
      <summary>
     Converts a dotNetFreak.WebControls.SmoothingMode to a 
     System.Drawing.Drawing2D.SmoothingMode. 
 </summary>
 <param name="smoothingMode">
     The <see cref="T:dotNetFreak.WebControls.SmoothingMode">SmoothingMode</see>
     to convert. 
 </param>
 <returns>
     A <see cref="T:System.Drawing.Drawing2D.SmoothingMode">SmoothingMode</see>. 
 </returns></member>
    <member name="M:dotNetFreak.WebControls.FormShield.Decrypt(System.String)">
      <summary>
     Decrypts the specified encrypted string. 
 </summary>
 <param name="encryptedString">The encrypted string to decrypt.</param>
 <returns>A string containing the decrypted string.</returns></member>
    <member name="M:dotNetFreak.WebControls.FormShield.DoStringArraysMatch(System.String[],System.String[])">
      <summary>
     Compares the two specified arrays to see if they match. 
 </summary>
 <param name="array1">The first array to compare.</param>
 <param name="array2">The second array to complete.</param>
 <returns>A boolean indicating if the arrays match.</returns></member>
    <member name="M:dotNetFreak.WebControls.FormShield.DrawBackground(System.Drawing.Graphics,System.Drawing.RectangleF)">
      <summary>
     Draws the background of the image. 
 </summary>
 <param name="graphics">The graphics surface.</param>
 <param name="rectangle">The rectangle to fill.&gt;</param></member>
    <member name="M:dotNetFreak.WebControls.FormShield.DrawBorder(System.Drawing.Graphics,System.Drawing.RectangleF)">
      <summary>
     Draws the border of the image. 
 </summary>
 <param name="graphics">The graphics surface.</param>
 <param name="rectangle">The rectangle to draw the border around.&gt;</param></member>
    <member name="M:dotNetFreak.WebControls.FormShield.DrawForeground(System.Drawing.Graphics,System.Drawing.RectangleF)">
      <summary>
     Draws the foreground of the image including text. 
 </summary>
 <param name="graphics">The graphics surface.</param>
 <param name="rectangle">The rectangle to draw the foreground within.&gt;</param></member>
    <member name="M:dotNetFreak.WebControls.FormShield.DrawNewText">
      <summary>
     Draws a new text value. 
 </summary>
    </member>
    <member name="M:dotNetFreak.WebControls.FormShield.DrawNoise(System.Drawing.Graphics,System.Drawing.RectangleF)">
      <summary>
     Draws the noise for the image. 
 </summary>
 <param name="graphics">The graphics surface.</param>
 <param name="rectangle">The rectangle to fill.&gt;</param></member>
    <member name="M:dotNetFreak.WebControls.FormShield.Encrypt(System.String)">
      <summary>
     Encrypts the specified decrypted string. 
 </summary>
 <param name="decryptedString">The decrypted string to encrypt.</param>
 <returns>A string containing the encrypted string.</returns></member>
    <member name="M:dotNetFreak.WebControls.FormShield.GenerateImage">
      <summary>
     Generates the FormShield image. 
 </summary>
 <returns>The FormShield image as a bitmap</returns></member>
    <member name="M:dotNetFreak.WebControls.FormShield.GenerateText">
      <summary>
     Generates the text to draw on the image. 
 </summary>
 <returns>A string containing the text.</returns></member>
    <member name="M:dotNetFreak.WebControls.FormShield.GetRandomBorderStyle">
      <summary>
     Gets a random border style. 
 </summary>
 <returns>
     A <see cref="M:dotNetFreak.WebControls.FormShield.GetRandomBorderStyle">BorderStyle</see>. 
 </returns></member>
    <member name="M:dotNetFreak.WebControls.FormShield.GetRandomFillStyle">
      <summary>
     Gets a random fill style. 
 </summary>
 <returns>
     A <see cref="M:dotNetFreak.WebControls.FormShield.GetRandomFillStyle">FillStyle</see>. 
 </returns></member>
    <member name="M:dotNetFreak.WebControls.FormShield.GetRandomFontStyle">
      <summary>
     Gets a random font style. 
 </summary>
 <returns>
     A <see cref="M:dotNetFreak.WebControls.FormShield.GetRandomFontStyle">FontStyle</see>. 
 </returns></member>
    <member name="M:dotNetFreak.WebControls.FormShield.GetRandomGradientStyle">
      <summary>
     Gets a random gradient style. 
 </summary>
 <returns>
     A <see cref="M:dotNetFreak.WebControls.FormShield.GetRandomGradientStyle">GradientStyle</see>. 
 </returns></member>
    <member name="M:dotNetFreak.WebControls.FormShield.GetRandomHatchStyle">
      <summary>
     Gets a random hatch style. 
 </summary>
 <returns>
     A <see cref="M:dotNetFreak.WebControls.FormShield.GetRandomHatchStyle">HatchStyle</see>. 
 </returns></member>
    <member name="M:dotNetFreak.WebControls.FormShield.GetRandomTextCase">
      <summary>
     Gets a random text case. 
 </summary>
 <returns>
     A <see cref="M:dotNetFreak.WebControls.FormShield.GetRandomTextCase">TextCase</see>. 
 </returns></member>
    <member name="M:dotNetFreak.WebControls.FormShield.GetRandomTextEffect">
      <summary>
     Gets a random text effect. 
 </summary>
 <returns>
     A <see cref="M:dotNetFreak.WebControls.FormShield.GetRandomTextEffect">TextEffect</see>. 
 </returns></member>
    <member name="M:dotNetFreak.WebControls.FormShield.GetRandomTextStyle">
      <summary>
     Gets a random text style. 
 </summary>
 <returns>
     A <see cref="M:dotNetFreak.WebControls.FormShield.GetRandomTextStyle">TextStyle</see>. 
 </returns></member>
    <member name="M:dotNetFreak.WebControls.FormShield.GetSecretKey">
      <summary>
     Gets the secret key to use for encryption and decryption. 
 </summary>
 <returns>A string containing the secret key.</returns></member>
    <member name="M:dotNetFreak.WebControls.FormShield.OnInit(System.EventArgs)">
      <summary>
     Overridden. See <see cref="M:System.Web.UI.WebControls.WebControl.OnInit">WebControl.OnInit</see>. 
 </summary>
    </member>
    <member name="M:dotNetFreak.WebControls.FormShield.OnPreRender(System.EventArgs)">
      <summary>
     Overridden. See <see cref="M:System.Web.UI.WebControls.WebControl.OnPreRender">WebControl.OnPreRender</see>. 
 </summary>
    </member>
    <member name="M:dotNetFreak.WebControls.FormShield.ParseQueryString">
      <summary>
     Parses the querystring and populates the FormShield objects properties. 
 </summary>
    </member>
    <member name="M:dotNetFreak.WebControls.FormShield.PropertiesChanged(System.String[])">
      <summary>
     Notifies the designer that the properties specified have been changed. 
 </summary>
 <param name="propertiesChanged">
     A string array containing a list of names of properties that have 
     changed. 
 </param></member>
    <member name="M:dotNetFreak.WebControls.FormShield.PropertiesChanging(System.String[])">
      <summary>
     Notifies the designer that the specified properties are changing. 
 </summary>
 <param name="propertiesChanging">
     A string array containing a list of names of properties that are 
     changing. 
 </param></member>
    <member name="M:dotNetFreak.WebControls.FormShield.ResetAllProperties">
      <summary>
     Resets all of the properties to their default values. 
 </summary>
    </member>
    <member name="M:dotNetFreak.WebControls.FormShield.ResetAlphaCharacters">
      <summary>
     Resets the AlphaCharacters property to its default value. 
 </summary>
    </member>
    <member name="M:dotNetFreak.WebControls.FormShield.ResetFonts">
      <summary>
     Resets the Fonts property to its default value. 
 </summary>
    </member>
    <member name="M:dotNetFreak.WebControls.FormShield.ResetNumericCharacters">
      <summary>
     Resets the NumericCharacters property to its default value. 
 </summary>
    </member>
    <member name="M:dotNetFreak.WebControls.FormShield.ResetSymbolCharacters">
      <summary>
     Resets the SymbolCharacters property to its default value. 
 </summary>
    </member>
    <member name="M:dotNetFreak.WebControls.FormShield.ShouldSerializeAlphaCharacters">
      <summary>
     Whether or not the AlphaCharacters property value should be serialized. 
 </summary>
 <returns>
     A boolean indicating if the AlphaCharacters property value should be 
     serialized. 
 </returns></member>
    <member name="M:dotNetFreak.WebControls.FormShield.ShouldSerializeFonts">
      <summary>
     Whether or not the Fonts property value should be serialized. 
 </summary>
 <returns>
     A boolean indicating if the Fonts property value should be serialized. 
 </returns></member>
    <member name="M:dotNetFreak.WebControls.FormShield.ShouldSerializeNumericCharacters">
      <summary>
     Whether or not the NumericCharacters property value should be serialized. 
 </summary>
 <returns>
     A boolean indicating if the NumericCharacters property value should be 
     serialized. 
 </returns></member>
    <member name="M:dotNetFreak.WebControls.FormShield.ShouldSerializeSymbolCharacters">
      <summary>
     Whether or not the SymbolCharacters property value should be serialized. 
 </summary>
 <returns>
     A boolean indicating if the SymbolCharacters property value should be 
     serialized. 
 </returns></member>
    <member name="M:dotNetFreak.WebControls.FormShield.#ctor">
      <summary>
     Initalizes a new instance of the FormShield class. 
 </summary>
    </member>
    <member name="T:dotNetFreak.WebControls.BorderStyle">
      <summary>
     Specifies the border styles used by FormShield. 
 </summary>
    </member>
    <member name="F:dotNetFreak.WebControls.BorderStyle.None">
      <summary>
     Specifies no border should be drawn. 
 </summary>
    </member>
    <member name="F:dotNetFreak.WebControls.BorderStyle.Random">
      <summary>
     Specifies a random border. 
 </summary>
    </member>
    <member name="F:dotNetFreak.WebControls.BorderStyle.Solid">
      <summary>
     Specifies a solid border. 
 </summary>
    </member>
    <member name="F:dotNetFreak.WebControls.BorderStyle.Dash">
      <summary>
     Specifies a dashed border. 
 </summary>
    </member>
    <member name="F:dotNetFreak.WebControls.BorderStyle.Dot">
      <summary>
     Specifies a dotted border. 
 </summary>
    </member>
    <member name="F:dotNetFreak.WebControls.BorderStyle.DashDot">
      <summary>
     Specifies a dashed and dotted border. 
 </summary>
    </member>
    <member name="F:dotNetFreak.WebControls.BorderStyle.DashDotDot">
      <summary>
     Specifies a dashed, dotted, dotted border. 
 </summary>
    </member>
    <member name="T:dotNetFreak.WebControls.FillStyle">
      <summary>
     Specifies the fill styles used by FormShield. 
 </summary>
    </member>
    <member name="F:dotNetFreak.WebControls.FillStyle.None">
      <summary>
    Specifies no fill style should be used. 
 </summary>
    </member>
    <member name="F:dotNetFreak.WebControls.FillStyle.Random">
      <summary>
     Specifies a random fill style. 
 </summary>
    </member>
    <member name="F:dotNetFreak.WebControls.FillStyle.Solid">
      <summary>
     Specifies a solid fill style. 
 </summary>
    </member>
    <member name="F:dotNetFreak.WebControls.FillStyle.Gradient">
      <summary>
     Specifies a gradiented fill style. 
 </summary>
    </member>
    <member name="F:dotNetFreak.WebControls.FillStyle.Hatch">
      <summary>
     Specifies a hatched fill style. 
 </summary>
    </member>
    <member name="F:dotNetFreak.WebControls.FillStyle.SolidHatch">
      <summary>
     Specifies a solid hatched fill style. 
 </summary>
    </member>
    <member name="F:dotNetFreak.WebControls.FillStyle.GradientHatch">
      <summary>
     Specifies a gradiented, hatched fill style. 
 </summary>
    </member>
    <member name="T:dotNetFreak.WebControls.FontStyle">
      <summary>
     Specifies the font styles used by FormShield. 
 </summary>
    </member>
    <member name="F:dotNetFreak.WebControls.FontStyle.Random">
      <summary>
     Specifies a random font style. 
 </summary>
    </member>
    <member name="F:dotNetFreak.WebControls.FontStyle.Regular">
      <summary>
     Specifies regular text. 
 </summary>
    </member>
    <member name="F:dotNetFreak.WebControls.FontStyle.Bold">
      <summary>
     Specifies bold text. 
 </summary>
    </member>
    <member name="F:dotNetFreak.WebControls.FontStyle.Italic">
      <summary>
     Specifies regular, italic text. 
 </summary>
    </member>
    <member name="F:dotNetFreak.WebControls.FontStyle.BoldItalic">
      <summary>
     Specifies bold, italic text. 
 </summary>
    </member>
    <member name="F:dotNetFreak.WebControls.FontStyle.Underline">
      <summary>
     Specifies regular, underlined text. 
 </summary>
    </member>
    <member name="F:dotNetFreak.WebControls.FontStyle.BoldUnderline">
      <summary>
     Specifies bold, underlined text. 
 </summary>
    </member>
    <member name="F:dotNetFreak.WebControls.FontStyle.ItalicUnderline">
      <summary>
     Specifies regular, italic, underlined text. 
 </summary>
    </member>
    <member name="F:dotNetFreak.WebControls.FontStyle.BoldItalicUnderline">
      <summary>
     Specifies bold, italic, underlined text. 
 </summary>
    </member>
    <member name="F:dotNetFreak.WebControls.FontStyle.Strikeout">
      <summary>
     Specifies regular text with a line through the middle. 
 </summary>
    </member>
    <member name="F:dotNetFreak.WebControls.FontStyle.BoldStrikeout">
      <summary>
     Specifies bold text with a line through the middle. 
 </summary>
    </member>
    <member name="F:dotNetFreak.WebControls.FontStyle.ItalicStrikeout">
      <summary>
     Specifies regular, italic text with a line through the middle. 
 </summary>
    </member>
    <member name="F:dotNetFreak.WebControls.FontStyle.BoldItalicStrikeout">
      <summary>
     Specifies bold, italic text with a line through the middle. 
 </summary>
    </member>
    <member name="F:dotNetFreak.WebControls.FontStyle.UnderlineStrikeout">
      <summary>
     Specifies regular, underlined text with a line through the middle. 
 </summary>
    </member>
    <member name="F:dotNetFreak.WebControls.FontStyle.BoldUnderlineStrikeout">
      <summary>
     Specifies bold, underlined text with a line through the middle. 
 </summary>
    </member>
    <member name="F:dotNetFreak.WebControls.FontStyle.ItalicUnderlineStrikeout">
      <summary>
     Specifies regular, italic, underlined text with a line through the middle. 
 </summary>
    </member>
    <member name="F:dotNetFreak.WebControls.FontStyle.BoldItalicUnderlineStrikeout">
      <summary>
     Specifies bold, italic, underlined text with a line through the middle. 
 </summary>
    </member>
    <member name="T:dotNetFreak.WebControls.GradientStyle">
      <summary>
     Specifies the gradient styles used by FormShield. 
 </summary>
    </member>
    <member name="F:dotNetFreak.WebControls.GradientStyle.Random">
      <summary>
     Specifies a random gradient style. 
 </summary>
    </member>
    <member name="F:dotNetFreak.WebControls.GradientStyle.Horizontal">
      <summary>
     Specifies a gradient from left to right. 
 </summary>
    </member>
    <member name="F:dotNetFreak.WebControls.GradientStyle.Vertical">
      <summary>
     Specifies a gradient from top to bottom. 
 </summary>
    </member>
    <member name="F:dotNetFreak.WebControls.GradientStyle.ForwardDiagonal">
      <summary>
     Specifies a gradient from upper left to lower right. 
 </summary>
    </member>
    <member name="F:dotNetFreak.WebControls.GradientStyle.BackwardDiagonal">
      <summary>
     Specifies a gradient from upper right to lower left. 
 </summary>
    </member>
    <member name="T:dotNetFreak.WebControls.HatchStyle">
      <summary>
     Specifies the hatch styles used by FormShield. 
 </summary>
    </member>
    <member name="F:dotNetFreak.WebControls.HatchStyle.Random">
      <summary>
     Specifies a random hatch style. 
 </summary>
    </member>
    <member name="F:dotNetFreak.WebControls.HatchStyle.Horizontal">
      <summary>
     Specifies a pattern of horizontal lines. 
 </summary>
    </member>
    <member name="F:dotNetFreak.WebControls.HatchStyle.Vertical">
      <summary>
     Specifies a pattern of vertical lines. 
 </summary>
    </member>
    <member name="F:dotNetFreak.WebControls.HatchStyle.ForwardDiagonal">
      <summary>
     Specifies a pattern of lines on a diagonal from upper left to lower right. 
 </summary>
    </member>
    <member name="F:dotNetFreak.WebControls.HatchStyle.BackwardDiagonal">
      <summary>
     Specifies a pattern of lines on a diagonal from upper right to lower left. 
 </summary>
    </member>
    <member name="F:dotNetFreak.WebControls.HatchStyle.LargeGrid">
      <summary>
     Specifies horizontal and vertical lines that cross. 
 </summary>
    </member>
    <member name="F:dotNetFreak.WebControls.HatchStyle.DiagonalCross">
      <summary>
     Specifies forward diagonal and backward diagonal lines that cross. The 
     lines are antialiased. 
 </summary>
    </member>
    <member name="F:dotNetFreak.WebControls.HatchStyle.Percent05">
      <summary>
     Specifies a 5-percent hatch. The ratio of foreground color to background 
     color is 5:100. 
 </summary>
    </member>
    <member name="F:dotNetFreak.WebControls.HatchStyle.Percent10">
      <summary>
     Specifies a 10-percent hatch. The ratio of foreground color to background 
     color is 10:100. 
 </summary>
    </member>
    <member name="F:dotNetFreak.WebControls.HatchStyle.Percent20">
      <summary>
     Specifies a 20-percent hatch. The ratio of foreground color to background 
     color is 20:100. 
 </summary>
    </member>
    <member name="F:dotNetFreak.WebControls.HatchStyle.Percent25">
      <summary>
     Specifies a 25-percent hatch. The ratio of foreground color to background 
     color is 25:100. 
 </summary>
    </member>
    <member name="F:dotNetFreak.WebControls.HatchStyle.Percent30">
      <summary>
     Specifies a 30-percent hatch. The ratio of foreground color to background 
     color is 30:100. 
 </summary>
    </member>
    <member name="F:dotNetFreak.WebControls.HatchStyle.Percent40">
      <summary>
     Specifies a 40-percent hatch. The ratio of foreground color to background 
     color is 40:100. 
 </summary>
    </member>
    <member name="F:dotNetFreak.WebControls.HatchStyle.Percent50">
      <summary>
     Specifies a 50-percent hatch. The ratio of foreground color to background 
     color is 50:100. 
 </summary>
    </member>
    <member name="F:dotNetFreak.WebControls.HatchStyle.Percent60">
      <summary>
     Specifies a 60-percent hatch. The ratio of foreground color to background 
     color is 60:100. 
 </summary>
    </member>
    <member name="F:dotNetFreak.WebControls.HatchStyle.Percent70">
      <summary>
     Specifies a 70-percent hatch. The ratio of foreground color to background 
     color is 70:100. 
 </summary>
    </member>
    <member name="F:dotNetFreak.WebControls.HatchStyle.Percent75">
      <summary>
     Specifies a 75-percent hatch. The ratio of foreground color to background 
     color is 75:100. 
 </summary>
    </member>
    <member name="F:dotNetFreak.WebControls.HatchStyle.Percent80">
      <summary>
     Specifies a 80-percent hatch. The ratio of foreground color to background 
     color is 80:100. 
 </summary>
    </member>
    <member name="F:dotNetFreak.WebControls.HatchStyle.Percent90">
      <summary>
     Specifies a 90-percent hatch. The ratio of foreground color to background 
     color is 90:100. 
 </summary>
    </member>
    <member name="F:dotNetFreak.WebControls.HatchStyle.LightDownwardDiagonal">
      <summary>
     Specifies diagonal lines that slant to the right from top points to 
     bottom points and are spaced 50 percent closer together than 
     ForwardDiagonal, but they are not antialiased. 
 </summary>
    </member>
    <member name="F:dotNetFreak.WebControls.HatchStyle.LightUpwardDiagonal">
      <summary>
     Specifies diagonal lines that slant to the left from top points to 
     bottom points and are spaced 50 percent closer together than 
     BackwardDiagonal, but they are not antialiased. 
 </summary>
    </member>
    <member name="F:dotNetFreak.WebControls.HatchStyle.DarkDownwardDiagonal">
      <summary>
     Specifies diagonal lines that slant to the right from top points to 
     bottom points, are spaced 50 percent closer together than, and are twice 
     the width of ForwardDiagonal. This hatch pattern is not antialiased. 
 </summary>
    </member>
    <member name="F:dotNetFreak.WebControls.HatchStyle.DarkUpwardDiagonal">
      <summary>
     Specifies diagonal lines that slant to the left from top points to bottom 
     points, are spaced 50 percent closer together than BackwardDiagonal, and 
     are twice its width, but the lines are not antialiased. 
 </summary>
    </member>
    <member name="F:dotNetFreak.WebControls.HatchStyle.WideDownwardDiagonal">
      <summary>
     Specifies diagonal lines that slant to the right from top points to 
     bottom points, have the same spacing as hatch style ForwardDiagonal, and 
     are triple its width, but are not antialiased. 
 </summary>
    </member>
    <member name="F:dotNetFreak.WebControls.HatchStyle.WideUpwardDiagonal">
      <summary>
     Specifies diagonal lines that slant to the left from top points to bottom 
     points, have the same spacing as hatch style BackwardDiagonal, and are 
     triple its width, but are not antialiased. 
 </summary>
    </member>
    <member name="F:dotNetFreak.WebControls.HatchStyle.LightVertical">
      <summary>
     Specifies vertical lines that are spaced 50 percent closer together than 
     Vertical. 
 </summary>
    </member>
    <member name="F:dotNetFreak.WebControls.HatchStyle.LightHorizontal">
      <summary>
     Specifies horizontal lines that are spaced 50 percent closer together 
     than Horizontal. 
 </summary>
    </member>
    <member name="F:dotNetFreak.WebControls.HatchStyle.NarrowVertical">
      <summary>
     Specifies vertical lines that are spaced 75 percent closer together than 
     hatch style Vertical (or 25 percent closer together than LightVertical). 
 </summary>
    </member>
    <member name="F:dotNetFreak.WebControls.HatchStyle.NarrowHorizontal">
      <summary>
     Specifies horizontal lines that are spaced 75 percent closer together 
     than hatch style Horizontal (or 25 percent closer together than 
     LightHorizontal). 
 </summary>
    </member>
    <member name="F:dotNetFreak.WebControls.HatchStyle.DarkVertical">
      <summary>
     Specifies vertical lines that are spaced 50 percent closer together than 
     Vertical and are twice its width. 
 </summary>
    </member>
    <member name="F:dotNetFreak.WebControls.HatchStyle.DarkHorizontal">
      <summary>
     Specifies horizontal lines that are spaced 50 percent closer together 
     than Horizontal and are twice the width of HatchStyleHorizontal. 
 </summary>
    </member>
    <member name="F:dotNetFreak.WebControls.HatchStyle.DashedDownwardDiagonal">
      <summary>
     Specifies dashed diagonal lines, that slant to the right from top points 
     to bottom points. 
 </summary>
    </member>
    <member name="F:dotNetFreak.WebControls.HatchStyle.DashedUpwardDiagonal">
      <summary>
     Specifies dashed diagonal lines, that slant to the left from top points 
     to bottom points. 
 </summary>
    </member>
    <member name="F:dotNetFreak.WebControls.HatchStyle.DashedHorizontal">
      <summary>
     Specifies dashed horizontal lines. 
 </summary>
    </member>
    <member name="F:dotNetFreak.WebControls.HatchStyle.DashedVertical">
      <summary>
     Specifies dashed vertical lines. 
 </summary>
    </member>
    <member name="F:dotNetFreak.WebControls.HatchStyle.SmallConfetti">
      <summary>
     Specifies a hatch that has the appearance of confetti. 
 </summary>
    </member>
    <member name="F:dotNetFreak.WebControls.HatchStyle.LargeConfetti">
      <summary>
     Specifies a hatch that has the appearance of confetti, and is composed of 
     larger pieces than SmallConfetti. 
 </summary>
    </member>
    <member name="F:dotNetFreak.WebControls.HatchStyle.ZigZag">
      <summary>
     Specifies horizontal lines that are composed of zigzags. 
 </summary>
    </member>
    <member name="F:dotNetFreak.WebControls.HatchStyle.Wave">
      <summary>
     Specifies horizontal lines that are composed of tildes. 
 </summary>
    </member>
    <member name="F:dotNetFreak.WebControls.HatchStyle.DiagonalBrick">
      <summary>
     Specifies a hatch that has the appearance of layered bricks that slant to 
     the left from top points to bottom points. 
 </summary>
    </member>
    <member name="F:dotNetFreak.WebControls.HatchStyle.HorizontalBrick">
      <summary>
     Specifies a hatch that has the appearance of horizontally layered bricks. 
 </summary>
    </member>
    <member name="F:dotNetFreak.WebControls.HatchStyle.Weave">
      <summary>
     Specifies a hatch that has the appearance of a woven material. 
 </summary>
    </member>
    <member name="F:dotNetFreak.WebControls.HatchStyle.Plaid">
      <summary>
     Specifies a hatch that has the appearance of a plaid material. 
 </summary>
    </member>
    <member name="F:dotNetFreak.WebControls.HatchStyle.Divot">
      <summary>
     Specifies a hatch that has the appearance of divots. 
 </summary>
    </member>
    <member name="F:dotNetFreak.WebControls.HatchStyle.DottedGrid">
      <summary>
     Specifies horizontal and vertical lines, each of which is composed of 
     dots, that cross. 
 </summary>
    </member>
    <member name="F:dotNetFreak.WebControls.HatchStyle.DottedDiamond">
      <summary>
     Specifies forward diagonal and backward diagonal lines, each of which is 
     composed of dots, that cross. 
 </summary>
    </member>
    <member name="F:dotNetFreak.WebControls.HatchStyle.Shingle">
      <summary>
     Specifies a hatch that has the appearance of diagonally-layered shingles 
     that slant to the right from top points to bottom points. 
 </summary>
    </member>
    <member name="F:dotNetFreak.WebControls.HatchStyle.Trellis">
      <summary>
     Specifies a hatch that has the appearance of a trellis. 
 </summary>
    </member>
    <member name="F:dotNetFreak.WebControls.HatchStyle.Sphere">
      <summary>
     Specifies a hatch that has the appearance of spheres laid adjacent to one 
     another. 
 </summary>
    </member>
    <member name="F:dotNetFreak.WebControls.HatchStyle.SmallGrid">
      <summary>
     Specifies horizontal and vertical lines that cross and are spaced 50 
     percent closer together than hatch style LargeGrid. 
 </summary>
    </member>
    <member name="F:dotNetFreak.WebControls.HatchStyle.SmallCheckerBoard">
      <summary>
     Specifies a hatch that has the appearance of a checkerboard. 
 </summary>
    </member>
    <member name="F:dotNetFreak.WebControls.HatchStyle.LargeCheckerBoard">
      <summary>
     Specifies a hatch that has the appearance of a checkerboard with squares 
     that are twice the size of SmallCheckerBoard. 
 </summary>
    </member>
    <member name="F:dotNetFreak.WebControls.HatchStyle.OutlinedDiamond">
      <summary>
     Specifies forward diagonal and backward diagonal lines that cross but are 
     not antialiased. 
 </summary>
    </member>
    <member name="F:dotNetFreak.WebControls.HatchStyle.SolidDiamond">
      <summary>
     Specifies a hatch that has the appearance of a checkerboard placed 
     diagonally. 
 </summary>
    </member>
    <member name="T:dotNetFreak.WebControls.ImageFormat">
      <summary>
     Specifies the image formats used by FormShield. 
 </summary>
    </member>
    <member name="F:dotNetFreak.WebControls.ImageFormat.Bmp">
      <summary>
     Specifies a bitmap image format. 
 </summary>
    </member>
    <member name="F:dotNetFreak.WebControls.ImageFormat.Gif">
      <summary>
     Specifies a "Graphics Interchange Format" image format. 
 </summary>
    </member>
    <member name="F:dotNetFreak.WebControls.ImageFormat.Jpeg">
      <summary>
     Specifies a "Joint Photographic Experts Group" image format. 
 </summary>
    </member>
    <member name="F:dotNetFreak.WebControls.ImageFormat.Png">
      <summary>
     Specifies a "W3C Portable Network Graphics" image format. 
 </summary>
    </member>
    <member name="F:dotNetFreak.WebControls.ImageFormat.Tiff">
      <summary>
     Specifies a "Tag Image File Format" image format. 
 </summary>
    </member>
    <member name="T:dotNetFreak.WebControls.PersistenceMethod">
      <summary>
     Specifies the persistence methods used by FormShield to persist property 
     values. 
 </summary>
    </member>
    <member name="F:dotNetFreak.WebControls.PersistenceMethod.ViewState">
      <summary>
     Specifies to use ViewState. 
 </summary>
    </member>
    <member name="F:dotNetFreak.WebControls.PersistenceMethod.SessionState">
      <summary>
     Specifies to use SessionState. 
 </summary>
    </member>
    <member name="F:dotNetFreak.WebControls.PersistenceMethod.FormField">
      <summary>
     Specifies to use a form field. 
 </summary>
    </member>
    <member name="T:dotNetFreak.WebControls.PixelFormat">
      <summary>
     Specifies the format of the color data for each pixel in the image. 
 </summary>
    </member>
    <member name="F:dotNetFreak.WebControls.PixelFormat.Format16bppRgb555">
      <summary>
     Specifies that the format is 16 bits per pixel; 5 bits each are used for 
     the red, green, and blue components. The remaining bit is not used. 
 </summary>
    </member>
    <member name="F:dotNetFreak.WebControls.PixelFormat.Format16bppRgb565">
      <summary>
     Specifies that the format is 16 bits per pixel; 5 bits are used for the 
     red component, 6 bits are used for the green component, and 5 bits are 
     used for the blue component. 
 </summary>
    </member>
    <member name="F:dotNetFreak.WebControls.PixelFormat.Format24bppRgb">
      <summary>
     Specifies that the format is 24 bits per pixel; 8 bits each are used for 
     the red, green, and blue components. 
 </summary>
    </member>
    <member name="F:dotNetFreak.WebControls.PixelFormat.Format32bppArgb">
      <summary>
     Specifies that the format is 32 bits per pixel; 8 bits each are used for 
     the alpha, red, green, and blue components. 
 </summary>
    </member>
    <member name="F:dotNetFreak.WebControls.PixelFormat.Format32bppPArgb">
      <summary>
     Specifies that the format is 32 bits per pixel; 8 bits each are used for 
     the alpha, red, green, and blue components. The red, green, and blue 
     components are premultiplied according to the alpha component. 
 </summary>
    </member>
    <member name="F:dotNetFreak.WebControls.PixelFormat.Format32bppRgb">
      <summary>
     Specifies that the format is 32 bits per pixel; 8 bits each are used for 
     the red, green, and blue components. The remaining 8 bits are not used. 
 </summary>
    </member>
    <member name="F:dotNetFreak.WebControls.PixelFormat.Format48bppRgb">
      <summary>
     Specifies that the format is 48 bits per pixel; 16 bits each are used for 
     the red, green, and blue components. 
 </summary>
    </member>
    <member name="F:dotNetFreak.WebControls.PixelFormat.Format64bppArgb">
      <summary>
     Specifies that the format is 64 bits per pixel; 16 bits each are used for 
     the alpha, red, green, and blue components. 
 </summary>
    </member>
    <member name="F:dotNetFreak.WebControls.PixelFormat.Format64bppPArgb">
      <summary>
     Specifies that the format is 64 bits per pixel; 16 bits each are used for 
     the alpha, red, green, and blue components. The red, green, and blue 
     components are premultiplied according to the alpha component. 
 </summary>
    </member>
    <member name="T:dotNetFreak.WebControls.PresetStyle">
      <summary>
     Specifies the preset styles used by FormShield. 
 </summary>
    </member>
    <member name="F:dotNetFreak.WebControls.PresetStyle.NotSet">
      <summary>
     Specifies the preset style is not set. 
 </summary>
    </member>
    <member name="F:dotNetFreak.WebControls.PresetStyle.Default">
      <summary>
     Specifies the default preset style. 
 </summary>
    </member>
    <member name="F:dotNetFreak.WebControls.PresetStyle.Fire">
      <summary>
     Specifies a preset style comprising of an orange and yellow gradiented 
     background, with black and gray gradiented, angled text and a light 
     orange gridded hatch style as noise with a solid border. 
 </summary>
    </member>
    <member name="F:dotNetFreak.WebControls.PresetStyle.Forest">
      <summary>
     Specifies a preset style comprising of a green, gradiented and dotted, 
     gridded hatch style background with dark green angled text and brown 
     solid noise with a solid border. 
 </summary>
    </member>
    <member name="F:dotNetFreak.WebControls.PresetStyle.Sand">
      <summary>
     Specifies a preset style comprising of a sandy, solid background with 
     angled, khaki, gridded hatch style text with a dashed border. 
 </summary>
    </member>
    <member name="F:dotNetFreak.WebControls.PresetStyle.Sea">
      <summary>
     Specifies a preset style comprising of a blue, gradiented background with 
     blue, warped text with a solid border. 
 </summary>
    </member>
    <member name="F:dotNetFreak.WebControls.PresetStyle.ChessBoard">
      <summary>
     Specifies a preset style comprising of a grey and white checkboarded 
     background with grey, gridded hatch style text with a solid border. 
 </summary>
    </member>
    <member name="T:dotNetFreak.WebControls.SmoothingMode">
      <summary>
     Specifies whether smoothing (antialiasing) is applied to lines and curves 
     and the edges of filled areas. 
 </summary>
    </member>
    <member name="F:dotNetFreak.WebControls.SmoothingMode.None">
      <summary>
     Specifies no antialiasing. 
 </summary>
    </member>
    <member name="F:dotNetFreak.WebControls.SmoothingMode.Default">
      <summary>
     Specifies the default mode. 
 </summary>
    </member>
    <member name="F:dotNetFreak.WebControls.SmoothingMode.AntiAlias">
      <summary>
     Specifies antialiased rendering. 
 </summary>
    </member>
    <member name="F:dotNetFreak.WebControls.SmoothingMode.HighQuality">
      <summary>
     Specifies high quality, low speed rendering. 
 </summary>
    </member>
    <member name="F:dotNetFreak.WebControls.SmoothingMode.HighSpeed">
      <summary>
     Specifies high speed, low quality rendering. 
 </summary>
    </member>
    <member name="T:dotNetFreak.WebControls.TextCase">
      <summary>
     Specifies the text cases used by FormShield. 
 </summary>
    </member>
    <member name="F:dotNetFreak.WebControls.TextCase.Random">
      <summary>
     Specifies a random text case. 
 </summary>
    </member>
    <member name="F:dotNetFreak.WebControls.TextCase.Lower">
      <summary>
     Specifies lowercase. 
 </summary>
    </member>
    <member name="F:dotNetFreak.WebControls.TextCase.Mixed">
      <summary>
     Specifies mixed case. 
 </summary>
    </member>
    <member name="F:dotNetFreak.WebControls.TextCase.Upper">
      <summary>
     Specifies upper case. 
 </summary>
    </member>
    <member name="T:dotNetFreak.WebControls.TextEffect">
      <summary>
     Specifies the text effects used by FormShield. 
 </summary>
    </member>
    <member name="F:dotNetFreak.WebControls.TextEffect.None">
      <summary>
     Specifies no text effect. 
 </summary>
    </member>
    <member name="F:dotNetFreak.WebControls.TextEffect.Random">
      <summary>
     Specifies a random text effect. 
 </summary>
    </member>
    <member name="F:dotNetFreak.WebControls.TextEffect.Font">
      <summary>
     Specifies a random font. 
 </summary>
    </member>
    <member name="F:dotNetFreak.WebControls.TextEffect.EqualSpacing">
      <summary>
     Specifies equal spacing between characters. 
 </summary>
    </member>
    <member name="F:dotNetFreak.WebControls.TextEffect.FontEqualSpacing">
      <summary>
     Specifies a random font and equal spacing between characters. 
 </summary>
    </member>
    <member name="F:dotNetFreak.WebControls.TextEffect.VariableSpacing">
      <summary>
     Specifies variable spacing between characters. 
 </summary>
    </member>
    <member name="F:dotNetFreak.WebControls.TextEffect.FontVariableSpacing">
      <summary>
     Specifies a random font and variable spacing between characters. 
 </summary>
    </member>
    <member name="F:dotNetFreak.WebControls.TextEffect.Angle">
      <summary>
     Specifies each character should be randomly angled. 
 </summary>
    </member>
    <member name="F:dotNetFreak.WebControls.TextEffect.FontAngle">
      <summary>
     Specifies a random font and that each character should be randomly angled. 
 </summary>
    </member>
    <member name="F:dotNetFreak.WebControls.TextEffect.EqualSpacingAngle">
      <summary>
     Specifies equal spacing between each character and that each character 
     should be randomly angled. 
 </summary>
    </member>
    <member name="F:dotNetFreak.WebControls.TextEffect.FontEqualSpacingAngle">
      <summary>
     Specifies a random font and that each character should be equally spaced 
     and randomly angled. 
 </summary>
    </member>
    <member name="F:dotNetFreak.WebControls.TextEffect.VariableSpacingAngle">
      <summary>
     Specifies each character should be variably spaced and randomly angled. 
 </summary>
    </member>
    <member name="F:dotNetFreak.WebControls.TextEffect.FontVariableSpacingAngle">
      <summary>
     Specifies a random font and that each character should be variably 
     spaced and randomly angled. 
 </summary>
    </member>
    <member name="F:dotNetFreak.WebControls.TextEffect.Warp">
      <summary>
     Specifies random warping should be applied. 
 </summary>
    </member>
    <member name="F:dotNetFreak.WebControls.TextEffect.FontWarp">
      <summary>
     Specifies a random font and that random warping should be applied. 
 </summary>
    </member>
    <member name="F:dotNetFreak.WebControls.TextEffect.EqualSpacingWarp">
      <summary>
     Specifies that each character should be equally spaced and that random 
     warping should be applied. 
 </summary>
    </member>
    <member name="F:dotNetFreak.WebControls.TextEffect.FontEqualSpacingWarp">
      <summary>
     Specifies a random font and that each character should be equally spaced 
     and that random warping should be applied. 
 </summary>
    </member>
    <member name="F:dotNetFreak.WebControls.TextEffect.VariableSpacingWarp">
      <summary>
     Specifies that each character should be variably spaced and that random 
     warping should be applied. 
 </summary>
    </member>
    <member name="F:dotNetFreak.WebControls.TextEffect.FontVariableSpacingWarp">
      <summary>
     Specifies a random font and that each character should be variably spaced 
     and that random warping should be applied. 
 </summary>
    </member>
    <member name="F:dotNetFreak.WebControls.TextEffect.AngleWarp">
      <summary>
     Specifies each character should be randomly angled and that random 
     warping should be applied. 
 </summary>
    </member>
    <member name="F:dotNetFreak.WebControls.TextEffect.FontAngleWarp">
      <summary>
     Specifies a random font and that each character should be randomly angled 
     and that random warping should be applied. 
 </summary>
    </member>
    <member name="F:dotNetFreak.WebControls.TextEffect.EqualSpacingAngleWarp">
      <summary>
     Specifies each character should be equally spaced and randomly angled and 
     that random warping should be applied. 
 </summary>
    </member>
    <member name="F:dotNetFreak.WebControls.TextEffect.FontEqualSpacingAngleWarp">
      <summary>
     Specifies a random font with each character being equally spaced and 
     randomly angled and that random warping should be applied. 
 </summary>
    </member>
    <member name="F:dotNetFreak.WebControls.TextEffect.VariableSpacingAngleWarp">
      <summary>
     Specifies each character should be variably spaced and randomly angled 
     and that random warping should be applied. 
 </summary>
    </member>
    <member name="F:dotNetFreak.WebControls.TextEffect.FontVariableSpacingAngleWarp">
      <summary>
     Specifies a random font with each character being variably spaced and 
     angled and that random warping should be applied. 
 </summary>
    </member>
    <member name="T:dotNetFreak.WebControls.TextStyle">
      <summary>
     Specifies the text styles used by FormShield. 
 </summary>
    </member>
    <member name="F:dotNetFreak.WebControls.TextStyle.Random">
      <summary>
     Specifies a random text style. 
 </summary>
    </member>
    <member name="F:dotNetFreak.WebControls.TextStyle.Alpha">
      <summary>
     Specifies the text should be comprised of alpha characters. 
 </summary>
    </member>
    <member name="F:dotNetFreak.WebControls.TextStyle.Numeric">
      <summary>
     Specifies the text should be comprised of numeric characters. 
 </summary>
    </member>
    <member name="F:dotNetFreak.WebControls.TextStyle.AlphaNumeric">
      <summary>
     Specifies the text should be comprised of alpha and numeric characters. 
 </summary>
    </member>
    <member name="F:dotNetFreak.WebControls.TextStyle.Symbols">
      <summary>
     Specifies the text should be comprised of symbol characters. 
 </summary>
    </member>
    <member name="F:dotNetFreak.WebControls.TextStyle.AlphaSymbols">
      <summary>
     Specifies the text should be comprised of alpha and symbol characters. 
 </summary>
    </member>
    <member name="F:dotNetFreak.WebControls.TextStyle.NumericSymbols">
      <summary>
     Specifies the text should be comprise of numeric and symbol characters. 
 </summary>
    </member>
    <member name="F:dotNetFreak.WebControls.TextStyle.AlphaNumericSymbols">
      <summary>
     Specifies the text should be comprised of alpha, numeric and symbol 
     characters. 
 </summary>
    </member>
    <member name="T:dotNetFreak.WebControls.FormShieldImageProvider">
      <summary>
     Provides an image provider to dynamically generate FormShield images. 
 </summary>
    </member>
    <member name="M:dotNetFreak.WebControls.FormShieldImageProvider.OnInit(System.EventArgs)">
      <summary>
     Overridden. See <see cref="M:System.Web.UI.Page.OnInit">Page.OnInit</see>. 
 </summary>
    </member>
    <member name="M:dotNetFreak.WebControls.FormShieldImageProvider.#ctor">
      <summary>
     Initializes a new instance of the FormShieldImageProvider class. 
 </summary>
    </member>
  </members>
</doc>